run,sensor,radius_mm,lead_vs_source_min_rounded,lead_vs_recorded_action_min_rounded,source_temperature_deficit_C_rounded
4,TR404-333a,0,46.71,47.01,66.94
4,TR404-018b,30,46.68,46.99,66.94
4,TR404-063c,60,44.92,45.22,62.74
4,TR404-085d,80,26.77,27.07,30.64
5,TR404-333a,0,43.32,44.78,61.58
5,TR404-018b,30,44.06,45.52,63.19
5,TR404-063c,60,43.44,44.89,61.84
5,TR404-085d,80,25.52,26.97,29.98
6,TR404-333a,0,44.09,45.23,64.15
6,TR404-018b,30,44.78,45.91,65.85
6,TR404-063c,60,43.58,44.72,62.86
6,TR404-085d,80,23.45,24.59,27.14
7,TR404-333a,0,50.13,50.22,71.04
7,TR404-018b,30,50.15,50.24,71.04
7,TR404-063c,60,48.31,48.40,67.09
7,TR404-085d,80,26.92,27.01,29.89
8,TR404-333a,0,41.72,44.42,57.85
8,TR404-018b,30,42.05,44.75,58.46
8,TR404-063c,60,39.83,42.53,54.00
8,TR404-085d,80,28.42,31.12,34.90
9,TR404-333a,0,39.32,39.48,54.33
9,TR404-018b,30,40.07,40.23,56.09
9,TR404-063c,60,39.86,40.03,55.54
9,TR404-085d,80,23.42,23.59,26.29
